<?xml version="1.0" encoding="UTF-8" standalone="yes"?>
<addon id="script.module.resolveurl" name="ResolveURL" version="5.1.94" provider-name="gujal">
    <requires>
        <!-- <import addon="xbmc.python" version="3.0.0" /> -->
        <import addon="script.module.six" />
        <import addon="script.module.kodi-six" />
        <import addon="plugin.video.youtube" optional="true" />
        <import addon="script.module.python.twitch" optional="true" />
        <import addon="plugin.googledrive" optional="true" />
    </requires>
    <extension point="xbmc.python.module" library="lib" />
    <extension point="xbmc.python.pluginsource" library="lib/default.py" />
    <extension point="xbmc.addon.metadata">
        <platform>all</platform>
        <summary lang="en_GB">Resolve common video host URL's to be playable in XBMC/Kodi.</summary>
        <description lang="en_GB">Resolve common video host URL's to be playable in XBMC/Kodi, simplify addon development of video plugins requiring multi video hosts.</description>
        <disclaimer lang="en_GB">This script only resolves video content from legitimate file lockers without prejudice. If this script is being used by 3rd parties to resolve content that you feel infringes upon your Intellectual Property then please take your complaints to the actual website or developer linking to such content and not here. This script in no way searches for any content whatsoever.</disclaimer>
        <assets>
            <icon>icon.png</icon>
        </assets>
    </extension>
</addon>
