<?xml version="1.0" encoding="UTF-8" standalone="yes"?>
<addon id="script.module.unidecode" name="unidecode" version="1.1.1+matrix.2" provider-name="Tomaz Solc (Tomaz.solc@tablix.org)">
	<requires>
		<import addon="xbmc.python" version="3.0.0"/>
	</requires>
	<extension point="xbmc.python.module" library="lib" />
	<extension point="xbmc.addon.metadata">
		<platform>all</platform>
		<summary lang="en_GB">ASCII transliterations of Unicode text by Sean M. Burke and Tomaz Solc</summary>
		<description lang="en_GB">ASCII transliterations of Unicode text by Sean M. Burke and Tomaz Solc</description>
		<disclaimer lang="en_GB">Code taken from https://pypi.org/project/Unidecode</disclaimer>
		<license>GPL-2.0-or-later</license>
		<website>https://pypi.org/project/Unidecode</website>
		<source>https://github.com/LamBassVN/lambasskodi/raw/matrix/zips/script.module.unidecode</source>
		<assets>
			<icon>icon.png</icon>
		</assets>
	</extension>
</addon>
